method,time_ms
arrow,1286.7239999999997
dateformat,332.42100000000005
strftime,402.13700000000017
