method,time_ms
dateformat,76.42500000000041
dateparser_guided,439.6430000000038
dateutil,759.6650000000018
strptime,113.85400000000345
dateparser,16525.682000000004
ciso8601,3.133999999999304
iso8601,115.81500000000489
arrow,533.3579999999997
